product_id,sku,product_name,category,subcategory,weight_kg,length_cm,width_cm,height_cm,fragile_flag,hazmat_flag,temp_sensitive,min_temp_c,max_temp_c,shelf_life_days,supplier_id,unit_cost_usd,reorder_point,max_stock,storage_zone
500521,SKU222021,Product-96687,Perishables,Produce,2.707,137,47,81,1,0,0,-18,25,117,84920,25.95,78,2165,Zone-C
500557,SKU988985,Product-40672,Pharmaceuticals,OTC,1.061,58,34,5,0,0,0,-2,32,509,21552,25.28,104,537,Zone-C
501183,SKU533500,Product-25468,Apparel,Outerwear,3.864,47,84,40,0,0,0,-2,16,1182,39584,68.48,113,3828,Zone-B
501219,SKU764470,Product-58561,Industrial,Safety,3.698,140,47,11,0,0,1,-15,34,222,57453,91.03,378,1172,Zone-H
501356,SKU135019,Product-60351,Apparel,Accessories,7.517,94,51,21,0,0,1,-13,15,681,65055,81.93,184,857,Zone-A
501394,SKU735856,Product-72669,Auto Parts,Engine,2.405,114,37,81,0,0,1,-6,30,3325,35757,66.7,94,90,Zone-B
501479,SKU826528,Product-42479,Household,Cleaning,6.419,85,56,64,0,0,1,-18,38,1258,47867,70.23,479,1767,Zone-C
501705,SKU564714,Product-53070,Household,Cleaning,2.721,120,95,71,1,0,0,1,23,1636,30915,9.72,99,692,Zone-F
501777,SKU201764,Product-59432,Electronics,Cables,1.158,31,34,59,0,0,0,-14,39,467,24890,157.2,10,835,Zone-C
502044,SKU238045,Product-95597,Apparel,Accessories,0.728,103,90,59,0,0,0,7,13,2751,58794,14.68,249,630,Zone-D
502216,SKU791538,Product-53520,Industrial,Valves,0.611,41,12,43,0,0,1,-7,36,1427,42581,119.57,318,2805,Zone-F
502327,SKU346465,Product-34644,Industrial,Safety,1.499,19,41,8,0,0,0,4,11,3596,84579,107.44,495,4154,Zone-F
502634,SKU139482,Product-64785,Industrial,Pumps,5.144,141,89,45,0,0,0,-15,21,137,71589,107.11,222,1656,Zone-A
502678,SKU142765,Product-29538,Perishables,Frozen,2.736,138,80,83,0,0,0,-12,33,177,27938,20.3,300,2654,Zone-B
502715,SKU660449,Product-36405,Apparel,Footwear,2.577,59,45,98,0,0,0,-12,13,1732,10623,10.53,434,1132,Zone-D
502975,SKU752695,Product-54499,Books,Textbooks,3.068,65,21,95,0,0,0,1,14,2436,34735,67.22,479,947,Zone-C
503038,SKU424038,Product-75844,Auto Parts,Brakes,2.945,112,84,60,0,0,0,1,38,240,90030,92.97,84,1447,Zone-A
503295,SKU467295,Product-54690,Perishables,Frozen,2.897,99,35,94,0,0,0,-1,25,1557,73653,24.64,417,4147,Zone-E
503449,SKU573019,Product-50019,Household,Decor,1.003,66,82,68,0,0,1,-12,20,3136,50428,62.48,485,4440,Zone-F
503494,SKU414848,Product-38341,Industrial,Valves,0.642,40,20,26,1,1,0,-7,31,1748,22317,133.0,112,4743,Zone-D
503546,SKU412500,Product-84563,Electronics,Phones,8.413,145,92,39,1,0,1,-19,16,1192,21177,93.3,56,3383,Zone-H
503603,SKU544098,Product-57338,Perishables,Meat,2.406,74,31,25,0,1,0,6,27,646,24225,35.46,138,2839,Zone-G
504003,SKU789800,Product-11491,Pharmaceuticals,OTC,0.173,100,79,99,1,0,0,7,19,2731,91819,43.14,153,3510,Zone-C
504215,SKU683802,Product-67782,Household,Decor,1.281,28,52,22,0,0,1,-10,38,1899,93048,65.25,176,959,Zone-D
504288,SKU888202,Product-21509,Perishables,Meat,5.949,75,24,91,0,0,1,-2,26,2061,78715,29.1,126,1497,Zone-D
504471,SKU953146,Product-71000,Auto Parts,Lighting,4.759,70,33,69,1,1,0,6,35,1818,23178,99.77,393,3699,Zone-H
504681,SKU707425,Product-18682,Books,Non-Fiction,3.133,124,60,51,0,0,0,-1,29,395,71217,53.6,125,715,Zone-D
505203,SKU292483,Product-53125,Household,Decor,2.223,72,33,69,1,0,0,-3,22,1089,57953,125.06,52,2241,Zone-B
505504,SKU886051,Product-73883,Electronics,Tablets,0.623,100,29,24,0,0,0,7,16,2155,23750,57.93,415,1167,Zone-B
505677,SKU420953,Product-17900,Electronics,Chargers,3.306,99,87,99,1,0,0,2,12,2788,79875,91.85,280,4664,Zone-A
506067,SKU559241,Product-26585,Apparel,Activewear,2.588,119,56,20,0,0,0,2,12,197,59271,29.22,418,2594,Zone-D
506169,SKU833484,Product-98969,Apparel,Footwear,0.082,94,64,25,0,0,1,-20,10,1639,67560,14.11,277,1307,Zone-H
506245,SKU534320,Product-99742,Perishables,Dairy,1.17,80,22,68,1,0,0,-20,13,782,10893,20.73,310,790,Zone-C
506396,SKU275259,Product-61490,Apparel,Accessories,0.34,114,68,59,1,1,0,-2,30,889,37982,143.76,208,3006,Zone-B
506576,SKU544980,Product-28752,Auto Parts,Filters,2.731,84,94,99,0,0,0,-20,18,2595,18183,16.47,158,476,Zone-A
506688,SKU311176,Product-79910,Auto Parts,Brakes,0.659,22,18,69,0,1,0,6,12,2783,82296,32.01,257,3331,Zone-A
506717,SKU583576,Product-32791,Apparel,Footwear,2.562,30,19,98,0,0,0,-13,38,777,76142,45.82,499,4677,Zone-B
506808,SKU314584,Product-53780,Perishables,Dairy,1.768,9,16,79,0,0,0,-12,22,1303,96418,102.81,446,2944,Zone-H
506880,SKU151042,Product-76410,Auto Parts,Brakes,2.516,101,60,23,0,0,0,8,22,211,89920,137.8,241,1528,Zone-F
506909,SKU893108,Product-36091,Pharmaceuticals,Medical Devices,2.076,46,42,31,0,0,0,2,30,3226,24534,18.84,152,877,Zone-B
506915,SKU514434,Product-80130,Pharmaceuticals,Vitamins,9.205,146,97,39,0,0,1,-1,29,3563,92384,36.43,298,3581,Zone-A
506951,SKU819297,Product-29089,Apparel,Activewear,2.048,17,96,79,0,0,0,-15,22,887,51798,6.54,230,4929,Zone-G
507085,SKU521530,Product-88356,Perishables,Meat,0.231,52,54,11,0,0,0,-10,18,759,81881,42.38,148,1354,Zone-A
507358,SKU950590,Product-23008,Household,Cleaning,1.605,38,19,15,0,0,1,1,38,807,57523,4.91,268,3611,Zone-H
507476,SKU762550,Product-65042,Industrial,Valves,2.495,95,48,96,0,0,1,-12,17,3040,11597,13.08,313,2710,Zone-D
507594,SKU441238,Product-48632,Electronics,Phones,0.849,9,79,27,0,0,0,8,33,569,77565,72.3,311,2909,Zone-B
507726,SKU573603,Product-58198,Household,Cleaning,0.677,24,74,61,0,0,0,-20,19,2902,70010,40.61,255,4268,Zone-E
507897,SKU503671,Product-92740,Perishables,Dairy,1.881,134,74,73,0,0,0,5,10,2611,48068,32.36,38,3383,Zone-D
507936,SKU823822,Product-57789,Pharmaceuticals,OTC,3.809,103,15,31,0,0,1,-2,18,444,58962,26.79,468,2836,Zone-H
508448,SKU558444,Product-35608,Apparel,Outerwear,4.573,52,97,56,0,0,0,-11,36,947,46724,9.68,40,1295,Zone-G
508494,SKU140143,Product-18186,Auto Parts,Engine,7.058,15,83,84,0,0,0,-19,15,809,92212,56.34,114,4306,Zone-H
508532,SKU432599,Product-26658,Electronics,Tablets,3.183,127,51,11,0,1,0,-12,18,268,97151,54.46,472,664,Zone-B
508644,SKU390387,Product-22368,Electronics,Tablets,2.308,50,52,62,0,0,0,-5,19,3427,75316,15.14,349,3491,Zone-D
508650,SKU912902,Product-81158,Pharmaceuticals,Medical Devices,0.093,73,21,6,0,0,1,-5,26,3530,27483,1.1,420,3163,Zone-B
508679,SKU928241,Product-44603,Apparel,Accessories,7.906,105,94,32,1,0,0,-4,32,212,25319,16.49,353,2405,Zone-A
508764,SKU456382,Product-35210,Household,Cleaning,3.96,143,36,35,0,0,1,-20,22,3327,70551,192.46,51,2473,Zone-E
508803,SKU235270,Product-89547,Electronics,Chargers,2.723,30,77,46,0,0,0,-17,14,2097,68043,66.56,78,4702,Zone-C
508886,SKU491414,Product-56284,Household,Cleaning,1.891,21,84,14,0,0,0,-13,13,2108,99034,20.52,280,3780,Zone-H
508933,SKU904368,Product-87817,Auto Parts,Engine,0.886,101,91,19,0,0,1,8,16,803,43174,45.55,182,579,Zone-F
509144,SKU966736,Product-92997,Auto Parts,Engine,3.151,48,63,25,0,0,0,6,17,662,46225,24.05,451,4878,Zone-A
509478,SKU691014,Product-59174,Electronics,Tablets,0.322,64,63,28,0,0,0,-16,39,1319,66217,43.16,70,526,Zone-A
509679,SKU103021,Product-34011,Pharmaceuticals,Rx,3.761,37,70,17,0,0,0,-18,14,3210,82516,28.03,46,1438,Zone-E
509861,SKU340637,Product-22724,Industrial,Fasteners,9.066,109,84,84,0,0,0,6,12,848,54160,8.68,45,913,Zone-D
509907,SKU689712,Product-74858,Perishables,Frozen,3.852,27,61,78,0,0,0,9,15,3059,14961,20.88,190,4410,Zone-C
510163,SKU503847,Product-62738,Auto Parts,Filters,2.582,78,81,83,0,0,0,3,32,1945,26102,61.25,73,3501,Zone-A
510200,SKU924260,Product-36855,Industrial,Safety,0.941,28,52,36,0,0,0,-13,35,2743,23243,9.85,482,1334,Zone-D
510342,SKU490567,Product-15787,Electronics,Chargers,1.742,39,92,17,0,0,0,-20,35,2149,77519,12.92,384,795,Zone-C
510381,SKU445975,Product-31647,Perishables,Produce,2.914,67,79,16,0,0,0,8,14,62,90642,21.21,27,4519,Zone-E
510487,SKU638895,Product-98142,Auto Parts,Engine,0.522,62,27,64,0,0,0,-6,34,2436,75091,77.2,391,2351,Zone-A
511487,SKU740994,Product-94826,Pharmaceuticals,Medical Devices,0.207,34,49,81,0,0,0,-15,14,362,71336,46.19,95,2183,Zone-F
511635,SKU630300,Product-88399,Industrial,Safety,0.631,73,60,84,0,0,1,4,13,3502,33673,27.27,412,284,Zone-C
512133,SKU743047,Product-35662,Perishables,Meat,7.632,65,36,47,0,1,0,5,24,595,76556,23.84,423,2682,Zone-E
512287,SKU363094,Product-65631,Auto Parts,Lighting,3.786,107,17,48,1,0,0,-19,27,443,17740,64.71,295,756,Zone-C
512835,SKU810070,Product-63234,Perishables,Meat,0.149,19,85,98,0,0,0,-2,34,1167,91082,16.55,169,86,Zone-F
512906,SKU344650,Product-42813,Electronics,Tablets,3.661,28,48,16,0,0,1,-12,11,1269,68430,1.97,291,3448,Zone-D
513380,SKU471640,Product-27339,Electronics,Chargers,0.602,94,67,94,0,0,0,2,27,612,86533,13.55,338,2429,Zone-F
513407,SKU625221,Product-61864,Auto Parts,Engine,4.976,56,27,46,0,0,0,-4,27,2814,38143,29.82,154,810,Zone-C
513611,SKU922855,Product-28688,Perishables,Meat,2.089,35,98,60,0,1,1,-2,23,2598,39722,110.14,277,2569,Zone-E
513636,SKU779819,Product-18181,Perishables,Meat,1.598,39,84,61,0,0,0,-16,17,1376,55674,75.43,32,2566,Zone-C
513665,SKU972848,Product-54335,Perishables,Meat,1.453,56,56,58,1,0,0,-13,21,108,75039,129.19,462,1525,Zone-B
514135,SKU793527,Product-31190,Perishables,Produce,2.405,21,45,24,0,0,0,0,26,3018,55164,46.53,156,3504,Zone-D
514238,SKU790802,Product-53247,Electronics,Tablets,0.528,11,77,44,0,0,0,2,39,1178,51248,148.84,458,4238,Zone-A
514423,SKU890216,Product-13592,Household,Cleaning,0.836,140,73,91,0,0,0,-13,12,83,63567,70.84,154,3648,Zone-G
514597,SKU541106,Product-57509,Household,Kitchen,0.209,33,25,79,0,1,1,5,21,1664,31981,11.76,264,1025,Zone-A
514708,SKU938409,Product-20213,Electronics,Phones,7.144,37,88,42,0,0,0,-2,19,1108,22691,23.48,46,874,Zone-B
514725,SKU430058,Product-54707,Apparel,Footwear,0.404,22,71,69,0,0,0,-1,33,2860,97918,64.5,420,1881,Zone-A
515209,SKU817572,Product-33842,Household,Tools,1.938,108,29,36,1,0,0,-6,10,1313,53242,126.35,88,4576,Zone-E
515256,SKU162010,Product-53912,Perishables,Meat,6.494,58,6,59,1,0,0,0,33,354,76250,47.66,349,206,Zone-E
515323,SKU849208,Product-19729,Electronics,Tablets,2.776,100,87,26,1,0,0,6,16,2133,87911,17.07,316,2916,Zone-F
515587,SKU959503,Product-21961,Apparel,Activewear,1.726,126,46,64,1,0,0,-14,36,1872,65344,51.39,353,1880,Zone-C
515845,SKU537006,Product-45800,Electronics,Chargers,6.339,81,87,58,1,0,0,9,10,1194,70970,42.38,6,1054,Zone-B
515921,SKU652990,Product-56642,Perishables,Produce,0.698,103,26,34,0,0,0,-10,15,2264,54608,0.65,325,318,Zone-A
516090,SKU165277,Product-41245,Industrial,Pumps,3.659,12,82,59,0,0,0,-6,22,2472,23815,60.82,103,4518,Zone-G
516133,SKU785165,Product-81680,Perishables,Frozen,1.896,83,43,78,0,0,0,-11,14,400,83045,86.31,368,3377,Zone-E
516170,SKU283023,Product-23056,Apparel,Activewear,0.461,94,34,49,0,0,1,2,20,3337,33854,12.85,333,2936,Zone-A
516178,SKU518674,Product-12785,Apparel,Outerwear,1.358,7,72,84,0,0,0,5,10,2586,77326,24.07,67,4428,Zone-D
516333,SKU206384,Product-76683,Industrial,Pumps,0.191,16,42,45,0,1,0,-10,28,698,91295,106.18,161,280,Zone-B
516343,SKU887749,Product-27434,Electronics,Phones,4.581,95,81,51,1,0,0,1,37,2675,96811,14.67,56,644,Zone-F
516771,SKU618476,Product-16798,Apparel,Activewear,0.111,66,36,6,1,0,0,2,25,1368,53914,64.2,163,1015,Zone-H
517095,SKU933804,Product-63061,Pharmaceuticals,Rx,3.804,41,25,57,0,0,0,1,11,3610,18138,18.74,316,3580,Zone-B
517107,SKU645085,Product-73164,Apparel,Outerwear,3.307,118,47,98,0,1,1,-8,21,2964,43229,14.17,105,4326,Zone-E
517189,SKU974561,Product-24345,Pharmaceuticals,Medical Devices,2.014,85,73,94,1,0,0,5,11,2879,42714,23.57,443,4389,Zone-F
517238,SKU275086,Product-89022,Apparel,Outerwear,0.395,114,40,31,0,0,0,-1,12,206,54223,10.5,451,4731,Zone-B
517354,SKU601884,Product-67156,Perishables,Dairy,2.444,97,39,72,1,0,0,-17,29,1102,37647,25.01,194,1617,Zone-E
517426,SKU259256,Product-28294,Perishables,Meat,1.319,135,21,86,0,0,0,7,33,1255,38770,35.53,197,1234,Zone-C
517699,SKU443468,Product-36253,Pharmaceuticals,Vitamins,0.843,138,55,12,0,0,0,1,29,835,32994,16.17,62,3395,Zone-D
517836,SKU272443,Product-58259,Pharmaceuticals,OTC,5.364,66,53,64,0,0,0,-20,36,908,23049,53.1,440,1111,Zone-G
517927,SKU565663,Product-42762,Auto Parts,Lighting,1.772,59,55,42,0,0,0,-20,10,2506,82066,71.94,293,282,Zone-B
518473,SKU653673,Product-36903,Household,Decor,3.487,94,44,64,1,0,0,-6,11,1941,19509,50.6,84,2466,Zone-E
518669,SKU103821,Product-62383,Perishables,Frozen,4.024,57,81,36,0,1,1,5,32,1571,12568,40.65,462,1052,Zone-E
518739,SKU424450,Product-96261,Household,Decor,2.812,59,94,93,0,0,1,-13,19,3623,73389,20.68,10,4134,Zone-A
518863,SKU762598,Product-34607,Apparel,Footwear,1.912,70,16,71,0,0,0,-16,34,146,77708,14.96,189,4858,Zone-F
518978,SKU664317,Product-92461,Household,Tools,0.717,102,91,57,0,0,0,-9,28,1711,63242,13.59,37,2512,Zone-F
519123,SKU625850,Product-97813,Perishables,Dairy,1.668,93,57,64,0,0,0,9,17,958,71171,72.44,449,4413,Zone-C
519219,SKU370054,Product-73644,Industrial,Pumps,1.369,41,85,90,0,0,0,-13,11,3423,29936,51.63,250,4942,Zone-F
519798,SKU910274,Product-73545,Perishables,Meat,0.321,53,72,37,0,0,0,-8,17,391,85591,127.57,81,4225,Zone-A
519920,SKU402038,Product-77645,Auto Parts,Engine,0.814,123,99,41,1,0,0,8,25,2291,59995,41.8,334,3252,Zone-B
520024,SKU748879,Product-78475,Perishables,Dairy,0.917,144,62,30,0,0,0,-4,33,3632,76843,110.93,100,3603,Zone-A
520140,SKU681899,Product-45933,Apparel,Outerwear,0.393,13,29,71,1,0,0,-13,16,1458,41967,4.15,401,4902,Zone-B
520505,SKU716343,Product-93400,Industrial,Pumps,3.743,66,82,52,0,0,1,-10,33,787,79990,11.59,185,1900,Zone-A
520753,SKU587278,Product-62547,Perishables,Dairy,6.251,65,31,18,0,0,1,3,26,1224,59664,73.53,41,1063,Zone-H
520809,SKU114303,Product-50193,Industrial,Fasteners,2.108,10,79,64,0,0,1,-4,26,1564,56645,55.5,445,4901,Zone-H
520886,SKU722883,Product-56870,Household,Decor,2.67,44,5,64,0,0,0,2,15,2249,18125,81.3,80,3088,Zone-A
521107,SKU416710,Product-75249,Industrial,Safety,3.706,64,47,70,0,0,0,9,35,1463,50375,41.25,72,3746,Zone-B
521320,SKU732325,Product-38839,Electronics,Phones,1.921,94,88,29,0,1,0,-12,13,308,91965,46.38,26,3565,Zone-H
521444,SKU627972,Product-12176,Electronics,Tablets,0.363,135,68,54,0,0,0,-2,17,1362,93891,32.85,205,4471,Zone-A
521720,SKU792903,Product-97907,Perishables,Frozen,0.089,111,49,94,0,0,0,9,32,771,44220,3.59,381,3504,Zone-E
521893,SKU165711,Product-84381,Electronics,Chargers,7.297,58,50,86,0,0,0,-10,12,1969,99485,21.61,309,4852,Zone-F
522089,SKU561632,Product-54250,Auto Parts,Engine,6.196,114,58,75,0,0,0,-11,12,127,27273,69.31,70,1400,Zone-D
522258,SKU649531,Product-70762,Perishables,Frozen,0.128,108,23,29,0,0,0,-6,17,1695,44321,19.92,92,3161,Zone-D
522353,SKU192741,Product-84414,Industrial,Pumps,1.639,36,90,26,1,0,0,-10,24,2712,24231,20.08,205,2975,Zone-A
522377,SKU463576,Product-33277,Perishables,Frozen,0.99,39,40,24,1,1,1,-9,37,2365,83555,21.77,168,424,Zone-B
522471,SKU297838,Product-11304,Auto Parts,Lighting,8.412,130,89,98,0,0,0,9,36,1788,62115,1.5,8,3599,Zone-H
522484,SKU525255,Product-61618,Electronics,Chargers,2.091,93,90,11,0,1,0,-2,11,1719,73018,105.7,165,4677,Zone-E
522654,SKU636843,Product-35236,Pharmaceuticals,OTC,0.688,86,97,35,0,0,0,4,36,1353,33595,15.29,493,2061,Zone-E
522936,SKU947597,Product-72359,Household,Cleaning,1.259,78,86,99,0,0,0,-8,37,3165,41637,47.09,360,1670,Zone-E
523091,SKU840327,Product-80543,Perishables,Frozen,1.134,126,16,98,0,0,0,-13,31,1306,66965,20.71,450,789,Zone-C
523236,SKU935335,Product-18224,Perishables,Meat,0.666,11,43,42,0,0,0,3,12,865,54658,12.49,151,3043,Zone-G
523264,SKU715622,Product-35003,Auto Parts,Lighting,2.581,140,8,51,0,0,0,-9,26,1867,20038,0.39,389,4630,Zone-C
523619,SKU499930,Product-44083,Household,Decor,0.201,82,74,65,1,0,0,4,30,3378,14313,79.14,364,4374,Zone-E
523704,SKU995705,Product-82261,Perishables,Dairy,2.256,41,97,88,1,0,0,-16,31,3248,56341,32.83,35,566,Zone-A
523992,SKU156059,Product-78396,Industrial,Safety,0.071,34,47,91,0,0,0,9,38,3340,19134,91.18,294,3688,Zone-B
524070,SKU847913,Product-47630,Household,Cleaning,1.827,149,17,37,1,0,0,7,33,427,14650,1.02,419,2135,Zone-D
524287,SKU319355,Product-19406,Electronics,Cables,0.585,66,15,42,0,0,0,-16,31,1218,82504,2.73,188,2511,Zone-A
524533,SKU179218,Product-63359,Books,Magazines,0.446,121,10,40,1,0,0,0,27,3544,89805,10.42,302,1891,Zone-B
524611,SKU642592,Product-65144,Industrial,Safety,1.396,42,61,77,0,0,1,6,19,1669,48557,20.55,208,1923,Zone-C
524788,SKU536531,Product-21224,Perishables,Frozen,4.023,17,98,44,0,0,1,-4,15,359,85235,16.88,185,1067,Zone-D
524853,SKU244890,Product-41083,Household,Kitchen,2.811,34,32,95,0,0,0,-17,24,3374,36134,4.76,237,3415,Zone-B
524887,SKU361470,Product-33994,Electronics,Phones,1.027,138,46,27,0,0,0,8,23,3051,54579,20.57,430,3572,Zone-B
524998,SKU234955,Product-74326,Auto Parts,Engine,0.943,108,25,12,1,0,0,-8,14,1146,13172,13.68,240,2429,Zone-B
525053,SKU310258,Product-55588,Auto Parts,Filters,1.44,63,18,92,0,0,1,6,31,938,66436,124.92,343,3263,Zone-E
525103,SKU136779,Product-71868,Electronics,Tablets,4.541,48,29,76,0,0,0,8,31,756,38534,4.6,244,4904,Zone-D
525229,SKU832614,Product-72457,Perishables,Dairy,1.056,124,44,31,0,0,0,-8,13,920,82977,1.45,180,2928,Zone-C
525798,SKU469536,Product-30296,Pharmaceuticals,Medical Devices,0.952,116,18,82,1,0,0,-18,30,2148,66213,7.64,170,3273,Zone-B
525900,SKU781093,Product-36587,Household,Kitchen,1.957,143,45,75,0,0,0,-2,10,1633,55781,40.68,331,1597,Zone-B
526144,SKU211314,Product-67829,Perishables,Frozen,1.51,149,27,75,0,0,0,8,13,1353,14244,101.88,41,2150,Zone-E
526193,SKU430503,Product-91665,Electronics,Chargers,3.662,59,53,79,0,0,1,-18,10,3626,89401,81.42,379,3922,Zone-D
526494,SKU542014,Product-21284,Auto Parts,Brakes,5.241,123,70,21,0,0,0,-6,35,3123,24651,60.46,229,4154,Zone-B
526503,SKU112786,Product-32335,Electronics,Chargers,1.627,52,50,28,1,0,0,-13,18,2284,60012,7.9,270,2601,Zone-B
527044,SKU174827,Product-96251,Perishables,Dairy,1.811,73,42,82,0,0,0,-19,28,1517,49830,30.22,43,777,Zone-D
527273,SKU509168,Product-10875,Electronics,Cables,0.406,55,73,36,0,0,0,-15,22,2764,79465,12.81,25,256,Zone-D
527357,SKU369177,Product-41942,Household,Kitchen,1.465,6,71,67,0,0,1,-16,29,1257,30084,58.88,25,4840,Zone-A
527492,SKU624625,Product-37906,Apparel,Outerwear,1.129,29,56,16,0,0,0,-18,18,3233,84672,23.63,114,4263,Zone-C
527493,SKU415028,Product-69203,Pharmaceuticals,OTC,1.992,149,23,85,1,0,0,5,38,384,27607,98.9,377,2377,Zone-F
527566,SKU177746,Product-88040,Industrial,Pumps,1.179,67,64,7,0,0,0,7,38,611,60306,4.36,350,2830,Zone-B
527609,SKU266041,Product-49988,Household,Decor,1.612,116,96,69,0,0,0,-7,28,3237,91360,189.1,70,2678,Zone-C
527715,SKU323709,Product-85829,Household,Cleaning,6.794,31,45,23,0,0,1,8,10,2242,57104,2.68,46,325,Zone-C
527808,SKU211367,Product-56596,Electronics,Tablets,0.496,131,73,38,1,0,0,-16,18,2484,22836,18.8,87,1188,Zone-D
527988,SKU892960,Product-94478,Apparel,Accessories,0.114,90,6,21,0,1,0,-5,29,705,28470,76.2,7,4569,Zone-B
528139,SKU858647,Product-51752,Industrial,Valves,2.998,93,21,54,0,0,0,-18,10,2954,83953,90.22,56,1648,Zone-D
528806,SKU628870,Product-61108,Household,Decor,0.16,78,57,28,0,0,0,-6,23,3005,14935,153.31,285,1758,Zone-C
528894,SKU836355,Product-71239,Electronics,Chargers,4.337,85,21,73,0,0,1,-17,17,384,35640,65.17,474,1892,Zone-A
528931,SKU303292,Product-42688,Auto Parts,Engine,0.035,135,24,20,1,1,1,-17,15,586,38170,60.98,191,1855,Zone-C
528940,SKU698396,Product-35403,Perishables,Frozen,0.743,35,31,28,0,0,0,8,11,1753,15065,90.94,370,1085,Zone-A
529122,SKU524699,Product-18456,Apparel,Activewear,1.605,86,60,9,0,1,0,-14,14,1370,98854,90.43,253,3601,Zone-A
529143,SKU520325,Product-86257,Industrial,Valves,1.842,49,10,51,0,0,0,5,22,3123,22312,75.06,233,3062,Zone-E
529154,SKU778231,Product-16050,Household,Decor,0.878,53,93,85,0,0,0,-1,20,1781,38714,73.86,237,449,Zone-D
529760,SKU949180,Product-34842,Industrial,Fasteners,3.284,55,63,12,0,0,0,8,26,1853,77084,4.47,180,3466,Zone-A
530048,SKU666512,Product-52006,Books,Fiction,1.632,121,77,39,0,1,0,-11,31,1840,62609,29.68,247,2366,Zone-H
530071,SKU837641,Product-14859,Apparel,Outerwear,0.202,89,75,74,0,0,0,-20,31,918,80296,15.43,204,3763,Zone-C
530319,SKU716872,Product-31549,Perishables,Frozen,1.617,31,57,74,1,0,0,9,36,1484,61962,119.21,177,3421,Zone-C
530327,SKU131506,Product-52961,Apparel,Footwear,1.682,15,79,92,1,0,0,1,19,2749,34861,37.54,171,666,Zone-H
530338,SKU351204,Product-67339,Pharmaceuticals,Rx,2.88,129,9,36,1,0,0,-12,22,3434,39820,22.32,494,2991,Zone-C
530359,SKU152911,Product-53940,Apparel,Footwear,0.038,112,31,27,0,0,0,-15,32,874,66642,35.6,122,1077,Zone-B
530894,SKU531586,Product-44405,Industrial,Pumps,5.097,120,89,19,1,0,0,-17,35,2177,10943,49.27,189,273,Zone-F
530910,SKU947204,Product-78093,Books,Non-Fiction,1.044,120,62,94,0,0,0,-20,28,2805,43553,13.33,179,697,Zone-E
531255,SKU153414,Product-51679,Electronics,Phones,1.159,35,40,40,0,1,0,-5,20,77,39125,46.07,489,2892,Zone-E
531435,SKU992060,Product-64245,Perishables,Produce,1.786,130,6,8,0,0,0,-13,10,2366,71178,18.95,125,967,Zone-D
531473,SKU103131,Product-78553,Apparel,Footwear,6.388,122,91,56,0,0,1,-13,11,3434,72507,0.76,67,3607,Zone-E
531685,SKU935885,Product-10910,Perishables,Frozen,0.287,121,98,35,1,0,0,-9,12,3055,13385,205.62,168,2863,Zone-B
531914,SKU810510,Product-78289,Perishables,Produce,1.659,131,33,73,0,0,0,-17,30,1533,36274,64.03,106,2427,Zone-E
532033,SKU493013,Product-36266,Auto Parts,Engine,5.294,90,17,47,0,0,1,-19,11,2174,85240,0.98,243,491,Zone-E
532247,SKU351841,Product-60657,Pharmaceuticals,OTC,0.099,27,81,22,0,0,0,-3,12,1992,95793,11.39,154,1727,Zone-E
532398,SKU920667,Product-91124,Apparel,Accessories,6.434,133,12,36,1,0,0,1,39,983,93887,109.08,395,4597,Zone-E
532412,SKU725863,Product-83019,Perishables,Meat,0.254,13,94,87,0,0,0,6,22,2698,92282,73.98,194,2886,Zone-D
532555,SKU627580,Product-10146,Industrial,Fasteners,1.571,114,30,86,1,0,0,-4,38,976,90300,27.59,251,491,Zone-D
532600,SKU450236,Product-28397,Household,Decor,3.356,67,21,49,1,0,0,-8,38,1809,79990,10.06,418,848,Zone-B
532816,SKU963325,Product-87263,Books,Textbooks,0.593,41,87,58,0,0,0,-3,23,3617,30863,34.78,68,2976,Zone-E
532957,SKU237566,Product-87226,Electronics,Cables,0.508,114,22,70,0,0,0,-3,27,940,58254,19.08,335,4658,Zone-D
533007,SKU251514,Product-36278,Household,Tools,7.108,25,9,68,1,0,0,-10,25,3631,28584,39.2,374,3076,Zone-A
533027,SKU336474,Product-46748,Household,Decor,1.418,97,16,14,1,0,0,-3,22,1814,19742,24.28,447,4919,Zone-B
533130,SKU345784,Product-38810,Electronics,Chargers,1.274,35,42,62,0,0,0,2,14,1927,32114,45.3,177,4608,Zone-C
533496,SKU745755,Product-53778,Household,Kitchen,4.996,135,35,83,0,0,1,-6,25,3338,73535,54.81,273,4012,Zone-F
533553,SKU810465,Product-24156,Electronics,Tablets,3.89,47,9,39,0,0,0,-14,14,3042,26370,69.75,147,4836,Zone-A
533576,SKU588387,Product-86787,Household,Decor,4.196,127,95,74,0,0,1,-10,26,2942,80194,22.51,346,1460,Zone-D
533708,SKU258997,Product-90747,Electronics,Tablets,1.674,50,92,27,1,0,1,2,22,3415,90518,2.83,187,446,Zone-C
533735,SKU156452,Product-51195,Electronics,Tablets,0.635,67,34,61,0,0,0,-20,29,2022,24208,26.43,178,2622,Zone-D
533917,SKU742578,Product-15431,Pharmaceuticals,Vitamins,3.023,8,63,29,0,0,0,5,21,2175,67996,15.33,227,1276,Zone-D
534370,SKU223510,Product-90402,Industrial,Fasteners,1.604,80,34,54,1,0,0,-13,22,2710,54854,46.52,346,2254,Zone-D
534427,SKU817222,Product-67129,Electronics,Tablets,2.522,34,14,84,0,0,0,-4,21,1939,53764,88.43,53,3380,Zone-F
534695,SKU197190,Product-68503,Electronics,Chargers,0.356,26,50,95,0,0,0,0,26,1338,18351,8.82,416,3908,Zone-C
534713,SKU336135,Product-27554,Electronics,Phones,0.958,65,32,55,0,1,0,-3,20,1457,56523,113.59,473,3096,Zone-H
534834,SKU244953,Product-94049,Electronics,Chargers,0.032,118,57,92,0,0,0,-9,11,1642,42412,3.19,66,4116,Zone-A
534895,SKU356433,Product-99284,Books,Magazines,1.675,148,66,31,0,0,0,-20,28,647,84003,91.83,427,3013,Zone-E
534946,SKU969376,Product-52696,Auto Parts,Brakes,0.171,86,80,26,0,0,0,-14,27,2113,98851,4.16,201,455,Zone-A
534953,SKU458195,Product-61154,Electronics,Tablets,2.335,107,99,68,0,1,0,-17,14,1285,77563,34.01,201,703,Zone-A
535299,SKU498793,Product-72085,Household,Decor,0.35,120,92,99,0,0,0,-3,30,1865,17797,133.06,426,4609,Zone-B
535600,SKU336539,Product-17214,Auto Parts,Filters,5.152,120,89,53,0,0,0,-19,16,725,31715,19.01,56,383,Zone-A
535985,SKU858945,Product-86799,Household,Cleaning,6.822,105,49,25,0,0,0,4,12,1511,60692,35.08,64,2214,Zone-D
536047,SKU752841,Product-88463,Industrial,Fasteners,0.347,133,15,30,1,0,0,2,18,1322,67775,49.61,57,1289,Zone-F
536108,SKU502661,Product-68911,Pharmaceuticals,Medical Devices,4.049,129,30,67,0,0,0,-20,37,1123,41135,14.84,425,2263,Zone-E
536263,SKU256795,Product-94311,Electronics,Cables,1.405,53,77,23,0,0,0,2,15,2631,28925,82.1,67,750,Zone-A
536430,SKU831406,Product-50909,Electronics,Tablets,0.261,91,27,53,0,0,0,-20,18,2938,75003,12.83,203,4664,Zone-G
536524,SKU141374,Product-58613,Electronics,Chargers,1.979,49,99,87,0,1,0,-13,16,3569,92818,41.56,150,2145,Zone-E
536534,SKU100313,Product-25088,Household,Decor,3.981,88,41,13,0,0,0,-17,25,453,99165,35.17,323,426,Zone-H
536844,SKU428259,Product-57284,Books,Textbooks,0.527,47,92,94,0,0,0,-19,14,91,77813,21.0,319,1830,Zone-G
537468,SKU863061,Product-67361,Pharmaceuticals,Rx,0.394,115,83,30,0,0,0,3,17,765,28923,11.77,285,476,Zone-C
537792,SKU542520,Product-39540,Auto Parts,Filters,2.677,21,33,28,0,0,1,-2,13,761,61634,14.63,385,2953,Zone-A
538100,SKU647531,Product-27284,Perishables,Dairy,10.388,125,62,87,0,0,1,-7,11,1135,42431,45.27,19,4163,Zone-E
538752,SKU754247,Product-65789,Auto Parts,Brakes,1.514,60,55,46,0,0,0,-15,35,2215,24079,0.56,270,676,Zone-C
538799,SKU889623,Product-47379,Apparel,Accessories,2.014,44,6,20,0,0,0,-10,38,1704,70840,4.13,214,4564,Zone-B
538835,SKU683215,Product-67913,Electronics,Cables,1.902,126,42,54,0,0,0,3,12,2724,20047,54.92,437,801,Zone-B
538842,SKU250454,Product-49452,Industrial,Valves,6.72,37,16,44,0,0,0,-9,25,190,13992,9.52,208,456,Zone-E
539031,SKU644673,Product-96232,Apparel,Outerwear,1.183,20,18,70,0,0,0,-17,33,1811,43724,14.86,206,1325,Zone-C
539297,SKU355628,Product-68205,Pharmaceuticals,Medical Devices,0.372,114,75,78,0,0,0,8,36,3557,17201,12.12,433,4464,Zone-F
539329,SKU475322,Product-60272,Apparel,Activewear,9.084,32,74,58,1,0,0,6,29,1591,33984,47.56,60,941,Zone-B
539346,SKU871690,Product-97936,Perishables,Frozen,7.091,67,52,20,1,1,0,-4,29,838,16396,35.35,297,506,Zone-C
539415,SKU578762,Product-33079,Household,Kitchen,0.011,144,57,7,0,1,0,3,24,3243,12575,8.31,430,496,Zone-D
539708,SKU254616,Product-80221,Pharmaceuticals,Rx,1.166,96,97,54,1,0,1,-14,18,1660,66883,125.76,54,1281,Zone-B
539757,SKU619711,Product-29708,Perishables,Produce,0.709,125,10,5,0,0,1,-14,34,2761,27440,19.74,359,571,Zone-H
540327,SKU542833,Product-72462,Perishables,Dairy,3.029,50,12,46,0,0,0,0,31,832,58490,10.7,421,3439,Zone-A
541340,SKU199662,Product-11312,Perishables,Meat,0.156,137,17,93,0,0,0,-19,23,1763,72390,15.44,450,3852,Zone-A
541445,SKU401268,Product-24494,Books,Fiction,2.631,13,31,74,0,0,1,-9,23,466,67043,7.35,174,2790,Zone-D
541589,SKU281534,Product-10901,Electronics,Tablets,3.319,123,17,82,0,0,0,-12,24,837,57579,55.19,192,3494,Zone-C
541770,SKU145986,Product-46234,Electronics,Cables,2.949,146,58,80,1,0,0,3,25,2669,85800,70.51,159,2242,Zone-A
542456,SKU376455,Product-97058,Auto Parts,Engine,0.194,10,89,14,0,0,0,-2,30,1753,89698,24.85,29,2701,Zone-C
542486,SKU565868,Product-55795,Apparel,Outerwear,2.12,69,46,61,0,0,0,-18,21,3042,43234,47.75,425,512,Zone-A
542642,SKU514800,Product-35435,Electronics,Chargers,1.691,90,56,26,1,0,0,0,34,1975,78656,64.84,337,2869,Zone-A
542719,SKU828472,Product-67375,Auto Parts,Brakes,0.105,15,73,36,0,1,0,9,12,1116,98381,259.84,145,3206,Zone-A
542869,SKU873108,Product-15829,Industrial,Valves,2.679,81,24,28,1,0,0,-6,10,2959,88999,10.18,309,942,Zone-F
543102,SKU137468,Product-91229,Books,Textbooks,1.65,45,48,55,0,0,1,-17,14,2621,47386,27.53,282,3921,Zone-B
543123,SKU575840,Product-51697,Household,Kitchen,2.775,74,75,72,0,1,0,-20,17,3319,43047,37.69,200,3406,Zone-H
543247,SKU589373,Product-45760,Electronics,Tablets,1.085,92,93,44,0,0,0,-1,31,1236,16082,33.84,462,4726,Zone-F
543988,SKU878459,Product-65757,Industrial,Pumps,0.599,55,72,98,1,0,0,-11,14,501,77773,5.2,63,985,Zone-B
543994,SKU350543,Product-43912,Perishables,Frozen,2.708,106,80,76,0,0,0,-18,11,458,85595,3.13,97,3772,Zone-F
544051,SKU776407,Product-56909,Household,Cleaning,1.53,19,88,17,0,1,0,-14,21,3022,48305,36.31,366,4094,Zone-C
544185,SKU963388,Product-91592,Household,Decor,0.297,149,32,36,0,0,1,-12,29,418,38783,4.69,395,1427,Zone-B
544427,SKU928822,Product-85058,Pharmaceuticals,OTC,2.177,37,99,90,0,0,0,-13,23,380,29294,35.55,487,345,Zone-E
544604,SKU174464,Product-59916,Electronics,Cables,1.54,83,84,26,0,0,0,-12,18,3584,60901,12.73,454,209,Zone-B
544810,SKU941340,Product-50221,Electronics,Phones,1.208,95,39,22,0,1,0,-1,14,282,92762,30.03,316,2936,Zone-F
545155,SKU693374,Product-19728,Auto Parts,Brakes,1.846,45,23,57,0,0,0,4,14,1190,22733,9.57,196,3926,Zone-E
545157,SKU788744,Product-92853,Electronics,Chargers,0.008,12,49,57,1,0,0,-9,27,2532,56011,48.01,346,4096,Zone-A
545307,SKU763233,Product-86143,Electronics,Chargers,0.899,85,16,93,1,0,1,-14,26,2961,61913,55.26,242,2730,Zone-D
545772,SKU984280,Product-96236,Auto Parts,Lighting,1.979,54,27,96,0,0,0,8,23,1188,59100,63.02,453,2787,Zone-E
545942,SKU435329,Product-85823,Electronics,Tablets,6.64,48,8,33,0,0,0,4,33,1225,33025,104.83,260,4506,Zone-G
546017,SKU971675,Product-94950,Auto Parts,Filters,5.219,72,24,53,0,0,0,-7,21,28,33540,47.24,68,2367,Zone-A
546358,SKU618800,Product-46117,Electronics,Tablets,0.646,26,11,52,0,1,0,-10,18,1986,73331,230.83,72,1262,Zone-D
546509,SKU734574,Product-71212,Pharmaceuticals,Vitamins,0.651,60,94,14,0,0,0,0,38,526,98428,103.0,137,727,Zone-A
546792,SKU504400,Product-95408,Household,Decor,1.33,66,74,31,0,0,1,9,12,932,16267,0.53,282,4398,Zone-D
546804,SKU112465,Product-70832,Industrial,Valves,0.243,5,58,21,1,0,0,-20,16,2139,86083,14.19,488,1364,Zone-B
547555,SKU339392,Product-91186,Pharmaceuticals,Medical Devices,2.166,103,10,51,0,0,0,1,36,868,74009,89.32,488,2809,Zone-D
547630,SKU503823,Product-90986,Industrial,Safety,0.125,27,50,39,0,1,0,6,26,3479,68709,11.36,172,3409,Zone-B
548064,SKU743759,Product-73402,Electronics,Chargers,0.674,129,89,22,0,0,0,-3,36,1683,19649,57.93,273,1182,Zone-C
548360,SKU398052,Product-14496,Auto Parts,Brakes,2.622,127,99,10,1,0,0,-5,26,2699,68478,18.68,62,3984,Zone-C
548654,SKU872624,Product-17942,Electronics,Chargers,0.391,33,41,28,1,0,0,-9,14,872,78603,16.31,324,257,Zone-D
549053,SKU102654,Product-34885,Apparel,Footwear,0.318,63,70,96,0,0,0,9,35,1205,74280,0.31,259,3976,Zone-B
549110,SKU681446,Product-58465,Auto Parts,Engine,0.58,139,77,49,0,0,0,-14,13,148,85771,23.99,391,4038,Zone-B
549604,SKU793420,Product-62000,Household,Tools,6.36,65,89,90,0,0,1,-9,36,2568,21627,52.07,361,2793,Zone-D
549620,SKU761250,Product-85034,Electronics,Tablets,1.099,12,27,85,0,0,0,9,32,3101,77826,30.25,43,2002,Zone-D
549669,SKU919319,Product-25062,Auto Parts,Filters,0.087,126,11,31,0,0,0,-14,13,359,44913,9.78,143,1784,Zone-D
549975,SKU726904,Product-55251,Household,Cleaning,1.006,66,86,26,0,0,0,-16,12,29,80578,7.88,346,1971,Zone-H
549990,SKU225991,Product-31641,Pharmaceuticals,OTC,2.818,58,86,34,1,0,1,-11,22,260,29851,1.7,206,4100,Zone-A
550033,SKU764617,Product-51958,Perishables,Frozen,3.179,24,61,18,1,0,0,-19,19,2895,70528,37.52,484,4082,Zone-A
550348,SKU491267,Product-94192,Household,Kitchen,0.987,111,12,45,0,0,0,-11,38,1848,11836,1.98,259,285,Zone-A
550587,SKU244335,Product-65219,Electronics,Cables,0.987,14,27,89,1,0,1,-3,19,2571,44586,54.17,391,600,Zone-G
550662,SKU426214,Product-88964,Apparel,Activewear,0.873,94,53,41,0,1,0,3,29,2791,59099,1.24,287,321,Zone-D
550766,SKU959462,Product-16348,Household,Tools,0.044,114,56,6,0,0,0,1,12,2480,57887,74.7,147,3532,Zone-H
551023,SKU443922,Product-77436,Books,Fiction,0.671,31,35,80,1,0,0,-3,17,401,65429,6.81,405,368,Zone-C
551256,SKU597194,Product-91310,Electronics,Phones,0.055,82,45,71,1,0,0,3,17,568,49629,89.75,223,2898,Zone-F
551333,SKU626463,Product-57242,Auto Parts,Lighting,7.096,45,94,72,1,0,0,2,26,2537,88599,105.41,211,4703,Zone-A
551399,SKU436652,Product-70148,Books,Magazines,0.555,63,66,19,0,1,0,-18,25,2303,58417,3.1,136,1008,Zone-D
551521,SKU377401,Product-88016,Auto Parts,Engine,0.51,60,81,70,1,0,0,-10,39,1033,92776,105.21,342,2434,Zone-A
551765,SKU297315,Product-54409,Apparel,Outerwear,7.715,41,19,12,1,1,1,8,17,3010,84076,28.3,416,1060,Zone-C
551879,SKU412455,Product-13200,Perishables,Frozen,4.534,81,27,10,0,0,0,-15,34,504,89870,184.27,18,4349,Zone-B
551915,SKU466643,Product-53456,Books,Textbooks,0.129,133,95,35,0,0,0,-2,14,2427,19112,46.22,475,3132,Zone-E
552943,SKU416271,Product-57761,Electronics,Phones,3.575,139,23,68,1,0,1,-14,30,3318,41063,100.49,41,2240,Zone-D
552945,SKU556193,Product-31523,Pharmaceuticals,Medical Devices,3.917,23,14,37,0,0,0,3,36,1115,97024,3.17,284,1899,Zone-D
553030,SKU424328,Product-76020,Pharmaceuticals,Medical Devices,6.129,37,53,7,0,1,0,-17,38,3107,51468,19.49,389,1449,Zone-C
553229,SKU390226,Product-34402,Pharmaceuticals,Medical Devices,3.978,50,49,98,0,0,1,-20,36,66,21865,54.62,202,2925,Zone-G
553361,SKU383741,Product-86431,Electronics,Tablets,4.489,97,35,34,0,0,0,9,35,1055,38843,7.28,344,551,Zone-D
553702,SKU204202,Product-21843,Auto Parts,Engine,0.393,52,49,96,0,0,0,9,28,718,89357,125.8,337,4516,Zone-G
553749,SKU765683,Product-43929,Household,Cleaning,0.288,9,62,86,0,0,1,-11,39,2584,41963,100.15,73,4828,Zone-E
553969,SKU793257,Product-29567,Electronics,Phones,2.075,75,71,59,0,0,0,4,27,2901,12779,0.11,158,4891,Zone-F
554057,SKU559520,Product-85001,Electronics,Tablets,5.166,61,50,33,0,0,0,-4,30,523,42081,71.56,154,2847,Zone-H
554163,SKU238486,Product-29432,Auto Parts,Brakes,5.045,132,78,13,0,0,0,-14,20,423,87694,23.06,328,1973,Zone-C
554424,SKU259037,Product-77386,Auto Parts,Lighting,4.892,81,36,27,0,1,0,-5,29,3359,91704,31.15,484,1241,Zone-G
554577,SKU601948,Product-80288,Perishables,Dairy,2.514,49,74,87,0,0,0,-15,23,1947,95485,34.74,449,2168,Zone-D
554607,SKU701492,Product-90695,Household,Kitchen,0.426,114,18,54,0,0,0,-2,33,2763,69831,13.98,198,3344,Zone-F
554699,SKU488376,Product-29346,Books,Magazines,2.848,147,27,80,0,0,0,-1,34,2898,60595,3.57,23,83,Zone-G
555207,SKU451783,Product-55161,Auto Parts,Engine,6.96,26,35,20,0,0,0,-11,24,2331,93964,69.39,238,482,Zone-F
555214,SKU551862,Product-18689,Pharmaceuticals,OTC,4.154,23,53,8,0,0,0,8,35,2979,63169,57.4,395,1005,Zone-F
555770,SKU702637,Product-37627,Pharmaceuticals,Medical Devices,0.776,77,54,71,1,0,0,-7,34,1715,53203,29.29,389,4719,Zone-C
555876,SKU477195,Product-16756,Household,Decor,0.727,47,54,57,0,0,0,-5,34,866,31868,38.41,135,2447,Zone-A
555970,SKU369994,Product-47173,Apparel,Accessories,0.387,87,17,90,0,0,0,-18,30,1790,30157,88.03,115,824,Zone-E
556080,SKU810584,Product-24439,Household,Cleaning,0.125,118,39,72,0,0,0,0,28,797,49251,17.26,246,1782,Zone-B
556419,SKU212341,Product-78255,Industrial,Pumps,2.249,133,67,43,0,0,0,-13,38,2087,52806,120.46,490,4682,Zone-B
556769,SKU523183,Product-66457,Industrial,Pumps,1.359,121,37,35,0,0,1,8,17,1742,74793,68.44,273,958,Zone-C
556871,SKU789158,Product-32601,Books,Fiction,1.006,139,63,27,0,0,0,-12,37,3212,62247,31.37,185,1723,Zone-C
556936,SKU842159,Product-35228,Industrial,Valves,3.696,71,14,70,0,0,0,-6,14,2816,43130,85.31,464,2188,Zone-A
556992,SKU981228,Product-59940,Auto Parts,Lighting,0.324,134,50,46,1,0,0,-11,15,618,43723,127.98,181,2458,Zone-B
557000,SKU789550,Product-55049,Electronics,Chargers,2.797,124,45,21,0,0,0,-11,15,1402,49728,7.68,288,4108,Zone-E
557201,SKU173239,Product-50441,Industrial,Pumps,0.313,13,9,26,0,0,0,7,35,2686,71838,2.35,248,1291,Zone-D
557232,SKU355377,Product-84125,Pharmaceuticals,Vitamins,1.151,118,53,29,1,0,0,-14,37,3638,75543,90.46,139,3942,Zone-A
557374,SKU805337,Product-12485,Apparel,Activewear,0.741,128,40,27,1,1,0,-7,27,2532,67722,20.78,21,117,Zone-C
558544,SKU823364,Product-16024,Perishables,Frozen,1.534,117,39,66,0,0,0,-18,17,903,67441,46.36,18,171,Zone-C
558985,SKU831031,Product-87550,Pharmaceuticals,Medical Devices,5.706,45,63,61,1,0,0,-12,14,207,71198,76.18,265,2260,Zone-C
559154,SKU694577,Product-62838,Perishables,Produce,10.518,35,95,49,1,0,1,-11,34,2698,86795,36.08,50,4886,Zone-A
559279,SKU498047,Product-84781,Auto Parts,Brakes,6.561,48,78,13,0,0,0,-10,22,1680,32612,27.77,283,3450,Zone-F
559500,SKU474420,Product-99264,Apparel,Outerwear,3.031,86,32,93,1,0,0,4,38,1232,42513,22.28,162,1485,Zone-F
559958,SKU573000,Product-38893,Electronics,Tablets,0.102,7,83,18,0,0,0,-20,37,667,10597,24.85,285,122,Zone-E
560004,SKU949555,Product-80342,Apparel,Footwear,0.887,91,86,29,0,0,0,-18,25,46,73222,24.45,156,2133,Zone-D
560048,SKU673649,Product-95424,Books,Fiction,4.14,70,22,8,1,0,0,-20,38,236,73947,14.08,156,4592,Zone-C
560256,SKU988130,Product-60822,Auto Parts,Filters,2.936,136,13,70,1,0,0,-12,28,3502,55648,78.45,194,3454,Zone-F
560302,SKU340017,Product-38533,Electronics,Phones,3.931,81,25,47,0,0,0,-13,11,2069,59062,54.99,116,4194,Zone-C
560305,SKU915144,Product-38953,Industrial,Pumps,5.569,138,98,73,0,1,1,-5,36,1476,88473,172.43,449,501,Zone-F
560309,SKU572640,Product-11350,Apparel,Footwear,0.04,78,32,27,0,0,0,-18,33,3507,30164,14.9,227,3155,Zone-B
560439,SKU410653,Product-46798,Auto Parts,Filters,0.216,129,15,44,0,0,0,-17,11,2879,40458,18.17,134,4122,Zone-C
560510,SKU397113,Product-73798,Electronics,Phones,10.677,78,29,44,0,0,0,1,17,2088,50529,59.0,31,957,Zone-C
560601,SKU952003,Product-66956,Pharmaceuticals,Rx,3.341,113,12,87,0,0,0,-10,38,727,99314,69.69,90,1581,Zone-C
560820,SKU747872,Product-10497,Perishables,Dairy,1.756,37,36,92,1,0,1,4,10,2580,90610,36.97,435,2551,Zone-F
560902,SKU471780,Product-59215,Industrial,Pumps,1.544,66,42,42,0,0,0,-16,17,1815,60580,33.77,318,1057,Zone-F
561019,SKU504618,Product-36164,Auto Parts,Lighting,2.852,86,90,71,0,0,0,-4,35,2407,40576,156.06,360,4718,Zone-D
561053,SKU506902,Product-86015,Perishables,Frozen,0.552,8,77,9,0,0,0,-6,34,3126,77764,9.29,48,2775,Zone-F
561331,SKU970484,Product-49966,Auto Parts,Brakes,7.936,148,98,11,0,0,0,-17,30,1903,48973,45.79,486,3282,Zone-B
561367,SKU671830,Product-57016,Auto Parts,Lighting,0.933,15,25,37,1,0,1,9,10,3041,81629,44.09,383,2864,Zone-B
561684,SKU388292,Product-10167,Household,Tools,1.099,9,94,66,0,0,0,7,28,3466,43339,58.99,487,760,Zone-E
561827,SKU783473,Product-47003,Books,Non-Fiction,0.868,84,46,57,1,0,0,-18,12,199,62409,26.32,164,1923,Zone-A
561927,SKU912905,Product-82639,Industrial,Valves,0.85,44,88,98,0,0,0,1,11,1649,60678,8.05,173,1611,Zone-H
561987,SKU587155,Product-12225,Electronics,Chargers,0.912,25,69,77,1,0,0,-8,19,1629,59019,75.24,268,1304,Zone-A
562079,SKU139663,Product-98295,Apparel,Footwear,4.459,21,9,9,0,0,1,5,26,949,64495,134.61,209,3490,Zone-B
562196,SKU608949,Product-24241,Pharmaceuticals,OTC,1.263,130,91,78,1,0,0,5,24,2197,63134,58.44,286,1233,Zone-B
562248,SKU823906,Product-41449,Industrial,Pumps,4.072,111,46,9,0,0,0,5,36,1532,46559,9.07,134,593,Zone-B
562595,SKU255967,Product-91421,Pharmaceuticals,Medical Devices,7.454,87,85,35,0,0,0,-6,15,1799,45817,16.58,125,1374,Zone-A
562655,SKU305013,Product-81034,Electronics,Cables,1.661,84,61,19,1,0,1,-13,12,3242,49525,147.36,177,3022,Zone-D
563055,SKU692553,Product-50123,Electronics,Tablets,2.802,99,57,42,0,0,0,2,35,3503,43326,4.51,58,3653,Zone-B
563097,SKU663556,Product-74994,Perishables,Dairy,7.715,90,31,78,0,0,1,3,12,2990,49463,56.36,392,4160,Zone-C
563524,SKU362331,Product-54604,Perishables,Produce,2.629,112,37,70,0,0,0,-10,24,3067,76637,5.73,107,891,Zone-A
563587,SKU368009,Product-13454,Pharmaceuticals,OTC,8.637,99,84,55,1,0,0,-18,13,3300,30033,45.14,341,3972,Zone-C
563687,SKU330403,Product-82601,Industrial,Valves,0.139,101,11,27,0,0,0,-14,24,905,41447,7.99,211,583,Zone-C
563912,SKU479197,Product-47150,Household,Decor,6.177,44,11,61,0,0,1,-10,15,506,55314,69.68,404,826,Zone-H
564419,SKU322940,Product-58608,Books,Textbooks,0.109,130,13,73,1,0,0,-17,30,1168,49057,43.32,388,4752,Zone-B
564602,SKU857905,Product-92132,Electronics,Phones,2.587,107,57,46,0,0,0,2,10,3588,52623,48.93,261,2776,Zone-A
565010,SKU465311,Product-51356,Electronics,Chargers,4.965,74,9,73,0,0,0,-5,26,2306,46216,73.32,148,114,Zone-B
565250,SKU913634,Product-84179,Auto Parts,Brakes,1.015,84,42,47,0,0,0,-13,16,296,91536,102.27,463,1647,Zone-D
565317,SKU274559,Product-28882,Perishables,Frozen,0.558,127,14,9,0,0,1,9,12,1021,51580,9.05,143,615,Zone-F
565373,SKU317793,Product-35966,Electronics,Tablets,0.341,33,5,32,0,0,0,-14,32,1611,43472,48.94,100,1780,Zone-E
565434,SKU274720,Product-47277,Auto Parts,Lighting,0.07,51,36,20,0,0,1,-19,31,2097,72270,82.01,363,4603,Zone-F
565783,SKU550643,Product-46874,Pharmaceuticals,OTC,4.325,39,66,99,1,0,0,-12,17,2250,82946,55.65,341,1050,Zone-B
565915,SKU795734,Product-95128,Perishables,Meat,1.524,25,93,94,0,0,0,-1,28,2152,91212,16.27,382,882,Zone-D
566051,SKU605630,Product-62524,Household,Cleaning,8.491,6,61,19,1,0,0,9,30,2491,89359,61.75,214,3173,Zone-D
566714,SKU797927,Product-72493,Perishables,Frozen,0.71,72,65,83,0,0,1,-1,14,2216,84508,166.75,268,2490,Zone-F
566825,SKU360494,Product-42049,Apparel,Footwear,3.856,60,15,37,0,0,0,-1,21,37,58413,56.09,292,4422,Zone-B
566826,SKU663918,Product-50400,Perishables,Produce,4.548,123,42,71,0,0,0,-10,30,915,44306,50.32,358,2425,Zone-F
567117,SKU852952,Product-63697,Apparel,Outerwear,2.387,91,78,78,0,0,1,-2,15,1530,56335,31.27,290,4292,Zone-B
567177,SKU770944,Product-46987,Pharmaceuticals,Medical Devices,0.773,81,57,59,0,0,0,-16,21,137,37275,26.81,184,2992,Zone-C
567457,SKU241023,Product-36166,Electronics,Chargers,1.859,51,27,41,0,0,0,-2,13,2361,69629,7.53,466,2717,Zone-D
567532,SKU394358,Product-54973,Apparel,Outerwear,6.862,127,98,85,0,0,0,-15,37,555,21838,2.49,163,64,Zone-A
567638,SKU902953,Product-51743,Perishables,Frozen,2.221,81,42,87,0,0,0,-7,20,1456,63272,54.81,305,3040,Zone-B
567666,SKU823005,Product-63330,Perishables,Meat,0.337,29,39,13,0,0,0,-4,33,1737,37367,51.85,114,3699,Zone-B
567822,SKU705488,Product-38411,Apparel,Outerwear,2.205,25,54,60,0,1,0,-11,33,3542,34095,50.66,10,1036,Zone-C
567858,SKU535917,Product-17287,Electronics,Cables,6.425,44,42,45,0,0,0,-8,23,2269,22079,7.34,428,4510,Zone-E
568083,SKU176368,Product-11566,Industrial,Safety,3.132,53,60,56,0,0,0,-7,32,1048,87123,30.37,258,1480,Zone-G
568432,SKU725971,Product-12775,Books,Non-Fiction,2.754,94,96,88,0,0,1,-20,21,1206,73555,241.54,26,91,Zone-A
568637,SKU643807,Product-22705,Electronics,Phones,1.013,67,54,46,0,0,1,-11,19,2746,89161,192.61,354,2274,Zone-E
569103,SKU615393,Product-79621,Industrial,Fasteners,2.746,88,9,42,0,0,0,9,28,3299,42256,2.5,437,2701,Zone-C
569195,SKU456744,Product-25382,Household,Cleaning,2.277,64,29,86,0,0,1,9,13,2317,68535,39.23,139,3520,Zone-C
569259,SKU192701,Product-21248,Household,Cleaning,0.822,18,40,7,0,0,0,-15,31,3240,33579,12.71,458,2954,Zone-C
569367,SKU225887,Product-15898,Auto Parts,Lighting,0.063,76,89,84,0,0,0,-17,31,1335,25103,23.36,412,536,Zone-C
569530,SKU665993,Product-69048,Apparel,Footwear,0.629,13,54,31,0,0,0,-9,38,980,93174,60.94,271,3913,Zone-A
569562,SKU605320,Product-20273,Household,Tools,2.364,81,62,77,0,0,1,-18,19,1855,69827,61.52,234,1416,Zone-E
569574,SKU627469,Product-70062,Electronics,Chargers,6.068,12,9,29,0,0,0,-1,10,176,89097,2.38,329,4338,Zone-D
569619,SKU530520,Product-33471,Books,Magazines,0.571,111,61,39,0,0,0,-1,13,1539,95292,156.86,26,2511,Zone-B
569655,SKU164124,Product-67939,Books,Non-Fiction,0.364,130,10,13,0,0,0,1,36,28,29887,212.74,91,3224,Zone-C
569759,SKU761787,Product-53888,Pharmaceuticals,Vitamins,1.179,119,5,20,0,0,0,-17,27,1855,27970,10.12,315,4887,Zone-A
570019,SKU934349,Product-55855,Pharmaceuticals,Vitamins,1.562,118,98,38,0,0,1,-7,17,2946,44075,6.13,151,3505,Zone-A
570070,SKU912263,Product-13886,Pharmaceuticals,Medical Devices,4.831,11,10,6,1,0,0,-1,14,3035,86068,24.01,236,2369,Zone-C
571070,SKU848025,Product-64038,Pharmaceuticals,Rx,7.435,55,36,14,0,0,0,-7,36,2847,30110,1.68,380,4675,Zone-C
571113,SKU475851,Product-24627,Auto Parts,Filters,3.813,10,90,70,1,0,1,-18,20,2606,97347,22.8,40,1629,Zone-B
571231,SKU199521,Product-33669,Electronics,Tablets,0.472,66,95,80,0,0,1,9,20,2897,18199,11.59,298,546,Zone-F
571290,SKU457327,Product-13581,Perishables,Meat,0.819,108,56,5,0,0,0,3,33,3142,91450,23.26,316,3194,Zone-D
571294,SKU265067,Product-66795,Apparel,Footwear,1.26,103,54,85,0,0,0,-6,18,3245,96201,2.76,16,4991,Zone-D
571319,SKU839547,Product-37707,Apparel,Outerwear,4.32,119,7,86,0,0,0,-13,30,1365,84723,118.46,335,1119,Zone-A
571388,SKU493642,Product-92714,Electronics,Chargers,3.896,71,9,55,0,0,0,-20,37,1020,55540,121.3,405,2224,Zone-B
571533,SKU788071,Product-15116,Industrial,Safety,3.914,120,68,81,0,0,0,-3,24,3261,45291,47.01,55,3901,Zone-G
571671,SKU958500,Product-84630,Books,Magazines,1.27,79,49,72,0,0,1,4,38,2342,15593,0.97,171,2315,Zone-A
571818,SKU179525,Product-52995,Apparel,Activewear,1.689,133,28,54,0,0,0,-3,21,791,25946,4.76,423,1085,Zone-G
572099,SKU752804,Product-40960,Perishables,Dairy,4.367,131,74,49,0,0,1,5,19,342,21671,42.57,13,552,Zone-A
572748,SKU843309,Product-90905,Perishables,Frozen,0.595,119,7,51,1,0,0,-20,27,833,15263,8.9,282,1768,Zone-C
572913,SKU980642,Product-63629,Perishables,Dairy,4.32,119,7,37,0,0,0,-7,22,1008,32845,14.65,88,3928,Zone-D
573022,SKU750697,Product-21681,Household,Tools,2.039,88,19,21,0,0,1,-11,12,2111,96552,144.31,273,3356,Zone-A
573725,SKU973755,Product-56406,Books,Magazines,0.416,8,17,22,0,0,0,-3,11,2480,85595,48.61,18,2251,Zone-A
573857,SKU626270,Product-12156,Industrial,Valves,2.365,14,79,60,1,0,0,2,38,2329,47097,132.47,97,325,Zone-G
573937,SKU781996,Product-39495,Industrial,Safety,3.376,138,37,93,0,0,0,-1,35,2680,39601,49.43,219,1925,Zone-C
574264,SKU195972,Product-92587,Household,Cleaning,6.577,88,88,8,0,0,0,5,12,647,38575,5.34,360,3824,Zone-A
574316,SKU680942,Product-59433,Household,Tools,3.691,50,19,42,1,0,0,7,36,2295,33166,109.8,56,3908,Zone-E
574475,SKU118409,Product-64877,Household,Cleaning,9.345,61,90,84,0,0,0,-1,38,790,54506,55.4,105,4324,Zone-A
574527,SKU685406,Product-41691,Electronics,Tablets,1.099,37,66,37,1,0,0,-14,23,3139,94600,87.59,254,2739,Zone-D
574596,SKU995795,Product-17882,Industrial,Safety,0.506,132,57,68,0,0,0,-7,12,3599,22993,36.93,287,530,Zone-A
574745,SKU679207,Product-33853,Perishables,Meat,1.907,115,52,13,0,0,1,6,23,2703,15090,39.35,450,1565,Zone-H
574780,SKU256401,Product-55285,Perishables,Dairy,3.788,39,10,25,0,0,0,-10,29,3489,92460,86.36,96,4546,Zone-A
574795,SKU975961,Product-64764,Auto Parts,Engine,0.303,33,65,95,0,0,1,5,24,3562,94718,94.92,36,3561,Zone-C
574872,SKU446576,Product-24532,Books,Non-Fiction,3.156,88,28,22,0,0,1,-19,17,2282,82546,68.26,173,2892,Zone-B
574895,SKU537779,Product-80796,Industrial,Fasteners,5.371,139,87,49,0,0,0,6,23,2187,52273,28.14,50,636,Zone-B
574989,SKU379597,Product-69198,Industrial,Pumps,7.635,92,39,25,0,0,0,5,24,2501,91840,120.0,151,1404,Zone-F
575071,SKU830753,Product-53205,Books,Magazines,1.325,55,20,31,1,0,1,-15,27,2095,77377,25.43,484,2867,Zone-A
575727,SKU935029,Product-13038,Pharmaceuticals,OTC,0.872,5,56,35,1,0,1,-4,27,2858,68897,216.91,325,2930,Zone-A
575816,SKU853433,Product-24803,Apparel,Activewear,2.035,26,97,24,0,0,0,-12,29,922,34495,59.75,374,790,Zone-B
575836,SKU599229,Product-95265,Electronics,Tablets,6.091,75,94,67,0,0,0,-16,37,2085,42963,13.64,265,134,Zone-D
575954,SKU120560,Product-79253,Household,Decor,1.389,63,51,59,0,0,0,-2,13,2291,27839,22.25,375,3292,Zone-A
576507,SKU315109,Product-73417,Household,Tools,1.749,108,39,52,0,0,0,-9,36,514,56581,2.77,286,3927,Zone-B
576607,SKU629524,Product-53468,Industrial,Fasteners,3.37,116,65,67,0,0,0,-12,33,3327,86636,32.81,50,3230,Zone-B
576629,SKU603886,Product-64780,Household,Cleaning,2.643,74,72,57,0,0,0,-14,26,2249,21648,74.13,36,1703,Zone-C
576715,SKU461735,Product-39871,Apparel,Accessories,3.302,48,18,36,0,1,0,-18,19,855,10945,3.14,119,1009,Zone-C
576819,SKU712062,Product-47802,Perishables,Dairy,3.418,115,59,51,0,0,0,-12,23,217,90193,13.41,435,1490,Zone-A
576992,SKU313470,Product-54594,Industrial,Valves,5.897,58,48,13,0,0,0,-18,18,1942,85742,15.05,191,3664,Zone-B
577242,SKU618570,Product-79259,Books,Non-Fiction,0.172,101,16,88,0,1,0,-18,33,831,58825,3.81,77,4550,Zone-A
577297,SKU437765,Product-99145,Household,Decor,2.374,145,37,55,1,0,0,7,22,2967,37802,15.85,491,4825,Zone-B
577361,SKU603442,Product-72585,Industrial,Valves,1.435,52,40,34,1,0,1,-11,19,2326,81261,54.41,53,1750,Zone-F
577396,SKU203619,Product-99287,Electronics,Phones,1.203,5,73,33,0,1,0,-3,37,178,53853,25.96,257,4698,Zone-A
577560,SKU795218,Product-24880,Apparel,Activewear,0.766,126,43,39,0,0,0,8,12,893,75959,10.33,24,430,Zone-D
577797,SKU186449,Product-18494,Auto Parts,Filters,0.858,93,11,27,0,0,1,-17,15,2445,75522,46.62,290,2099,Zone-A
577977,SKU231990,Product-87088,Perishables,Dairy,0.727,89,42,7,0,0,1,-8,14,784,64028,45.46,352,274,Zone-C
578109,SKU591981,Product-23378,Electronics,Tablets,2.186,126,35,96,0,1,0,-7,14,2699,39649,10.44,97,4133,Zone-D
578245,SKU743381,Product-31511,Apparel,Activewear,3.968,146,41,76,0,1,0,1,39,2103,23941,78.89,380,1268,Zone-D
578262,SKU138547,Product-28133,Pharmaceuticals,Rx,0.275,86,32,13,0,0,0,8,20,1985,40170,92.7,270,4926,Zone-A
578460,SKU818585,Product-20810,Industrial,Safety,1.683,24,69,40,0,0,0,-19,12,3577,98273,11.72,46,1610,Zone-B
578635,SKU182373,Product-31575,Perishables,Dairy,8.768,113,86,54,0,0,0,-5,38,1945,79754,4.37,149,2085,Zone-B
578700,SKU588002,Product-65912,Industrial,Valves,3.113,58,63,74,0,0,0,-2,28,3539,85186,3.78,368,3720,Zone-B
578929,SKU583649,Product-36429,Auto Parts,Engine,0.077,55,45,14,0,0,0,1,23,3599,98984,63.93,95,2033,Zone-D
579200,SKU109524,Product-16623,Electronics,Phones,0.548,29,27,96,1,0,1,-14,20,2104,88468,59.87,292,1040,Zone-D
579274,SKU101641,Product-91581,Electronics,Phones,3.685,122,6,93,0,0,0,-10,15,2431,50057,56.56,109,3199,Zone-F
579536,SKU863261,Product-31370,Perishables,Dairy,1.882,65,35,69,0,0,0,8,37,453,74556,7.83,471,1567,Zone-F
579637,SKU797472,Product-66847,Apparel,Activewear,1.103,6,24,6,1,0,1,-3,11,3028,63190,6.04,321,916,Zone-B
579684,SKU708314,Product-63995,Industrial,Pumps,0.654,138,16,67,1,0,0,-6,36,2666,28165,11.45,111,2469,Zone-A
580132,SKU771827,Product-29812,Electronics,Tablets,3.841,56,33,19,0,1,0,-20,10,2474,24447,197.61,238,3160,Zone-F
580334,SKU675490,Product-25579,Apparel,Outerwear,1.737,49,72,28,0,1,0,-15,28,2240,51958,168.8,366,3664,Zone-C
580411,SKU861423,Product-90585,Household,Kitchen,0.572,132,9,94,1,0,0,-9,36,2340,37814,21.94,360,4764,Zone-A
580701,SKU815690,Product-82925,Household,Cleaning,2.597,34,88,80,0,0,1,-7,31,2668,89885,20.86,30,4623,Zone-B
580707,SKU770374,Product-85753,Electronics,Chargers,0.571,55,38,32,0,0,0,-12,36,2821,53929,14.14,35,4914,Zone-B
580983,SKU372309,Product-97684,Pharmaceuticals,OTC,0.028,47,29,53,0,0,0,4,20,2214,19712,12.81,481,2566,Zone-B
581440,SKU782730,Product-64670,Electronics,Cables,6.855,53,15,32,0,0,0,8,30,1041,42630,0.27,252,2026,Zone-D
581742,SKU608898,Product-25278,Household,Decor,0.228,126,5,72,0,0,0,-8,19,219,63827,173.25,334,1848,Zone-B
581785,SKU577850,Product-85969,Auto Parts,Brakes,1.926,50,92,60,0,0,0,-18,33,2757,25754,35.37,364,3975,Zone-E
581798,SKU824567,Product-94650,Perishables,Meat,3.836,59,78,60,1,0,0,-8,28,1806,41855,19.51,86,4992,Zone-A
581950,SKU509963,Product-49295,Perishables,Frozen,1.506,115,51,93,1,0,0,-1,17,469,92736,13.19,153,3514,Zone-A
581996,SKU235117,Product-58265,Household,Decor,3.345,146,55,6,0,0,0,4,17,380,10200,66.69,405,229,Zone-G
582453,SKU983226,Product-44874,Household,Decor,0.423,138,54,49,0,0,0,4,20,3566,87950,173.39,235,4176,Zone-H
582725,SKU207833,Product-99337,Auto Parts,Filters,4.38,77,56,13,0,0,0,-11,25,1264,27279,48.14,240,1143,Zone-A
582846,SKU646517,Product-25240,Electronics,Chargers,1.422,141,88,87,0,0,0,-10,36,2512,51960,47.07,457,3321,Zone-A
583116,SKU342356,Product-47816,Apparel,Activewear,1.893,84,54,10,0,0,0,-3,30,390,83620,70.55,284,4524,Zone-F
583661,SKU629250,Product-38494,Perishables,Dairy,1.341,56,52,51,1,0,0,-10,30,2457,30316,194.84,486,4337,Zone-C
584272,SKU803945,Product-63245,Perishables,Dairy,0.101,70,70,16,1,0,0,2,15,1408,45819,37.56,246,1900,Zone-D
584537,SKU227596,Product-70864,Household,Decor,1.916,43,53,62,1,0,1,-20,24,3558,83483,29.61,328,1407,Zone-C
584551,SKU128644,Product-13225,Household,Cleaning,0.053,110,22,58,0,0,0,-7,29,664,54161,7.86,25,3271,Zone-D
584814,SKU689665,Product-31194,Apparel,Outerwear,6.822,95,35,66,0,0,0,-12,17,2794,91539,3.42,73,340,Zone-A
585075,SKU144660,Product-75777,Industrial,Pumps,2.332,146,51,13,1,1,0,-3,33,1162,44609,103.93,464,4156,Zone-A
585133,SKU787397,Product-56702,Pharmaceuticals,Vitamins,0.609,124,86,77,0,0,1,6,13,1370,37922,64.24,116,3577,Zone-D
585176,SKU818107,Product-31736,Household,Tools,13.093,46,81,33,0,0,0,-12,22,1410,47973,223.11,480,1746,Zone-G
585296,SKU776475,Product-72480,Industrial,Valves,1.472,11,44,34,0,0,0,6,32,340,55981,1.63,154,3532,Zone-A
585414,SKU547910,Product-66070,Auto Parts,Lighting,1.091,52,24,32,0,0,0,4,15,1863,39618,60.0,75,1392,Zone-E
585550,SKU851106,Product-43644,Household,Kitchen,2.846,17,74,35,0,0,0,-3,10,52,44948,1.06,307,2467,Zone-B
585578,SKU761127,Product-66306,Industrial,Pumps,0.036,15,47,40,0,0,0,-14,27,1299,52205,13.77,168,2317,Zone-A
585981,SKU907847,Product-70205,Industrial,Fasteners,1.986,103,20,84,0,0,0,1,13,2220,35558,21.79,435,1895,Zone-G
586159,SKU587815,Product-26886,Pharmaceuticals,Medical Devices,3.045,41,98,17,0,0,1,5,35,2084,86521,81.08,82,3068,Zone-D
586804,SKU390791,Product-12965,Electronics,Phones,0.993,122,23,15,0,0,1,2,14,1258,73701,11.65,96,1993,Zone-D
586807,SKU307381,Product-66721,Perishables,Frozen,0.697,54,34,85,1,1,0,7,31,2793,10507,75.98,116,803,Zone-E
586920,SKU484798,Product-32172,Industrial,Safety,11.018,119,20,91,0,0,0,-10,17,580,62050,16.11,454,2631,Zone-B
587073,SKU160072,Product-51568,Household,Cleaning,1.185,84,8,12,0,0,0,-3,28,1006,64429,39.06,366,2003,Zone-D
587231,SKU301897,Product-48002,Perishables,Produce,0.105,147,89,43,1,0,0,7,20,3587,31977,76.81,122,2329,Zone-G
587584,SKU800291,Product-73632,Perishables,Dairy,1.944,32,98,76,0,0,0,4,12,3540,26447,46.05,186,1711,Zone-A
587660,SKU694331,Product-87133,Apparel,Activewear,0.475,67,72,78,0,0,0,-15,18,1068,10042,78.39,442,2423,Zone-C
587726,SKU573673,Product-12980,Auto Parts,Brakes,3.671,99,7,78,1,0,0,-18,17,783,41255,89.02,264,4391,Zone-D
587783,SKU503747,Product-72937,Electronics,Chargers,0.746,45,50,82,1,1,0,-10,16,3329,80123,10.42,49,1096,Zone-E
588046,SKU636443,Product-62188,Auto Parts,Lighting,0.145,85,47,40,1,0,0,5,30,2616,72367,33.81,189,1025,Zone-E
588117,SKU405864,Product-28307,Electronics,Tablets,0.186,142,82,87,1,0,0,5,36,859,70065,62.0,24,4520,Zone-D
588237,SKU889371,Product-40218,Auto Parts,Lighting,0.231,54,30,47,1,0,0,4,18,2186,28615,271.65,17,1656,Zone-G
588382,SKU310377,Product-49334,Household,Decor,3.835,142,39,29,0,0,0,-11,27,2737,93642,48.05,329,1169,Zone-D
588493,SKU287207,Product-53831,Books,Fiction,3.612,118,77,19,1,0,0,1,38,1594,49138,127.95,455,2940,Zone-C
588573,SKU645212,Product-91418,Pharmaceuticals,Medical Devices,1.55,108,38,91,0,0,0,7,32,1302,36728,24.63,186,1264,Zone-G
588962,SKU161503,Product-59024,Auto Parts,Brakes,0.286,36,29,41,0,0,0,2,27,307,36290,65.67,397,3748,Zone-G
